Risk factor,Inverse HR,Mean,LL,UL,Logmean,logLL,logUL,logSD
Stroke,0.758 (0.565-1.017),1.319261214,0.983284169,1.769911504,0.277071893,-0.016857117,0.570929548,0.149945578
TIA,,,,,,,,
SE,,,,,,,,
ICH,,,,,,,,
Bleed,,,,,,,,
MI,0.972 (0.687-1.378),1.028806584,0.725689405,1.455604076,0.028399475,-0.320633173,0.375420987,0.177564837
